{"training_mae": 0.05381679771329295, "training_mse": 0.004622744364115566, "training_spearman": 0.8209771643242315, "training_kendall": 0.6391215050523478, "test_mae": 0.15669083364025663, "test_mse": 0.03738654817856393, "test_spearman": 0.06048986837866826, "test_kendall": 0.04703456615368025, "loss": 6.79243603372015e-05, "_timestamp": 1669829836.214765, "_runtime": 315.1032130718231, "_step": 99, "gradients/readout_output_layer.bias": {"_type": "histogram", "values": [0.0, 0.0, 0.0, 0.0, 0.0, 0.0, 0.0, 0.0, 0.0, 0.0, 0.0, 0.0, 0.0, 0.0, 0.0, 0.0, 0.0, 0.0, 0.0, 0.0, 0.0, 0.0, 0.0, 0.0, 0.0, 0.0, 0.0, 0.0, 0.0, 0.0, 0.0, 0.0, 1.0, 0.0, 0.0, 0.0, 0.0, 0.0, 0.0, 0.0, 0.0, 0.0, 0.0, 0.0, 0.0, 0.0, 0.0, 0.0, 0.0, 0.0, 0.0, 0.0, 0.0, 0.0, 0.0, 0.0, 0.0, 0.0, 0.0, 0.0, 0.0, 0.0, 0.0, 0.0], "bins": [0.15557390451431274, 0.15557390451431274, 0.15557390451431274, 0.15557390451431274, 0.15557390451431274, 0.15557390451431274, 0.15557390451431274, 0.15557390451431274, 0.15557390451431274, 0.15557390451431274, 0.15557390451431274, 0.15557390451431274, 0.15557390451431274, 0.15557390451431274, 0.15557390451431274, 0.15557390451431274, 0.15557390451431274, 0.15557390451431274, 0.15557390451431274, 0.15557390451431274, 0.15557390451431274, 0.15557390451431274, 0.15557390451431274, 0.15557390451431274, 0.15557390451431274, 0.15557390451431274, 0.15557390451431274, 0.15557390451431274, 0.15557390451431274, 0.15557390451431274, 0.15557390451431274, 0.15557390451431274, 0.15557390451431274, 0.15557390451431274, 0.15557390451431274, 0.15557390451431274, 0.15557390451431274, 0.15557390451431274, 0.15557390451431274, 0.15557390451431274, 0.15557390451431274, 0.15557390451431274, 0.15557390451431274, 0.15557390451431274, 0.15557390451431274, 0.15557390451431274, 0.15557390451431274, 0.15557390451431274, 0.15557390451431274, 0.15557390451431274, 0.15557390451431274, 0.15557390451431274, 0.15557390451431274, 0.15557390451431274, 0.15557390451431274, 0.15557390451431274, 0.15557390451431274, 0.15557390451431274, 0.15557390451431274, 0.15557390451431274, 0.15557390451431274, 0.15557390451431274, 0.15557390451431274, 0.15557390451431274, 0.15557390451431274]}, "gradients/readout_output_layer.weight": {"_type": "histogram", "values": [1.0, 0.0, 0.0, 1.0, 0.0, 0.0, 1.0, 2.0, 4.0, 3.0, 4.0, 2.0, 3.0, 2.0, 4.0, 2.0, 3.0, 8.0, 6.0, 5.0, 10.0, 5.0, 6.0, 7.0, 7.0, 9.0, 10.0, 6.0, 5.0, 6.0, 11.0, 6.0, 4.0, 15.0, 8.0, 9.0, 12.0, 12.0, 8.0, 4.0, 6.0, 6.0, 9.0, 6.0, 4.0, 5.0, 6.0, 5.0, 5.0, 7.0, 2.0, 1.0, 2.0, 2.0, 3.0, 5.0, 6.0, 2.0, 0.0, 2.0, 2.0, 0.0, 2.0, 1.0], "bins": [-0.01335994340479374, -0.01295048464089632, -0.012541024945676327, -0.012131566181778908, -0.011722107417881489, -0.011312647722661495, -0.010903188958764076, -0.010493730194866657, -0.010084271430969238, -0.00967481266707182, -0.009265352971851826, -0.008855894207954407, -0.008446435444056988, -0.008036975748836994, -0.007627516984939575, -0.007218058221042156, -0.006808598525822163, -0.006399139296263456, -0.005989680532366037, -0.005580221302807331, -0.005170762538909912, -0.004761303309351206, -0.0043518440797924995, -0.003942385315895081, -0.003532925620675087, -0.0031234666239470243, -0.0027140076272189617, -0.0023045483976602554, -0.0018950894009321928, -0.0014856304042041302, -0.0010761712910607457, -0.0006667122361250222, -0.00025725364685058594, 0.0001522054080851376, 0.0005616644630208611, 0.0009711235179565847, 0.0013805825728923082, 0.0017900415696203709, 0.002199500799179077, 0.0026089597959071398, 0.003018418326973915, 0.0034278773237019777, 0.0038373363204300404, 0.004246795549988747, 0.004656254313886166, 0.005065713543444872, 0.005475172773003578, 0.005884631536900997, 0.006294091232120991, 0.006703550461679697, 0.007113009225577116, 0.007522468455135822, 0.007931927219033241, 0.008341386914253235, 0.008750845678150654, 0.009160304442048073, 0.009569764137268066, 0.009979222901165485, 0.010388682596385479, 0.010798141360282898, 0.011207600124180317, 0.01161705981940031, 0.01202651858329773, 0.012435977347195148, 0.012845436111092567]}, "gradients/readout_input_layer.bias": {"_type": "histogram", "values": [2.0, 0.0, 0.0, 3.0, 0.0, 1.0, 0.0, 1.0, 4.0, 0.0, 3.0, 5.0, 4.0, 2.0, 1.0, 4.0, 5.0, 8.0, 2.0, 10.0, 1.0, 7.0, 4.0, 5.0, 5.0, 6.0, 7.0, 7.0, 11.0, 10.0, 14.0, 8.0, 17.0, 12.0, 9.0, 12.0, 9.0, 13.0, 8.0, 4.0, 14.0, 4.0, 9.0, 9.0, 7.0, 5.0, 1.0, 4.0, 4.0, 3.0, 1.0, 1.0, 2.0, 2.0, 3.0, 0.0, 2.0, 0.0, 1.0, 0.0, 1.0, 1.0, 1.0, 1.0], "bins": [-0.0015651038847863674, -0.0015172348357737064, -0.0014693659031763673, -0.0014214968541637063, -0.0013736278051510453, -0.0013257588725537062, -0.0012778898235410452, -0.0012300207745283842, -0.0011821517255157232, -0.0011342826765030622, -0.001086413743905723, -0.0010385446948930621, -0.0009906756458804011, -0.0009428066550754011, -0.000894937664270401, -0.00084706861525774, -0.0007991996826604009, -0.0007513306918554008, -0.0007034616428427398, -0.0006555926520377398, -0.0006077236030250788, -0.0005598546122200787, -0.0005119856214150786, -0.0004641166015062481, -0.0004162476398050785, -0.000368378619896248, -0.00032050959998741746, -0.0002726406091824174, -0.00022477158927358687, -0.00017690256936475635, -0.00012903356400784105, -8.116455137496814e-05, -3.3295596949756145e-05, 1.4573415683116764e-05, 6.244242831598967e-05, 0.00011031144094886258, 0.0001581804535817355, 0.00020604947349056602, 0.0002539184642955661, 0.0003017874842043966, 0.00034965656232088804, 0.00039752558222971857, 0.0004453946021385491, 0.0004932635929435492, 0.0005411326419562101, 0.0005890016327612102, 0.0006368706235662103, 0.0006847396725788713, 0.0007326086051762104, 0.0007804775959812105, 0.0008283466449938715, 0.0008762156357988715, 0.0009240846848115325, 0.0009719536756165326, 0.0010198226664215326, 0.0010676917154341936, 0.0011155607644468546, 0.0011634298134595156, 0.0012112987460568547, 0.0012591677950695157, 0.0013070368440821767, 0.0013549057766795158, 0.0014027748256921768, 0.0014506438747048378, 0.001498512807302177]}, "gradients/readout_input_layer.weight": {"_type": "histogram", "values": [2.0, 0.0, 0.0, 4.0, 2.0, 3.0, 4.0, 6.0, 11.0, 9.0, 14.0, 31.0, 35.0, 33.0, 50.0, 56.0, 78.0, 108.0, 129.0, 169.0, 188.0, 274.0, 330.0, 463.0, 574.0, 801.0, 1067.0, 1531.0, 18172.0, 48016.0, 114089.0, 132625.0, 1899584.0, 241126.0, 118856.0, 39000.0, 15068.0, 1465.0, 984.0, 713.0, 514.0, 339.0, 269.0, 190.0, 141.0, 96.0, 84.0, 71.0, 49.0, 36.0, 31.0, 31.0, 22.0, 17.0, 13.0, 7.0, 5.0, 4.0, 5.0, 1.0, 2.0, 1.0, 1.0, 1.0], "bins": [-0.01209151279181242, -0.011721691116690636, -0.011351870372891426, -0.010982048697769642, -0.010612227022647858, -0.010242406278848648, -0.009872584603726864, -0.009502763859927654, -0.00913294218480587, -0.008763120509684086, -0.008393299765884876, -0.008023478090763092, -0.007653656881302595, -0.007283835671842098, -0.006914013996720314, -0.006544192787259817, -0.00617437157779932, -0.005804550368338823, -0.005434729158878326, -0.005064907483756542, -0.004695086274296045, -0.004325265064835548, -0.003955443389713764, -0.0035856221802532673, -0.0032158009707927704, -0.0028459797613322735, -0.002476158319041133, -0.0021063368767499924, -0.0017365156672894955, -0.0013666943414136767, -0.000996873015537858, -0.0006270516896620393, -0.00025723129510879517, 0.00011259003076702356, 0.0004824113566428423, 0.000852232682518661, 0.0012220540083944798, 0.0015918753342702985, 0.001961696660146117, 0.0023315181024372578, 0.0027013393118977547, 0.0030711605213582516, 0.003440981963649392, 0.0038108034059405327, 0.00418062461540103, 0.0045504458248615265, 0.004920267499983311, 0.005290088709443808, 0.0056599099189043045, 0.006029731128364801, 0.006399552337825298, 0.0067693740129470825, 0.007139195222407579, 0.007509016431868076, 0.00787883810698986, 0.00824865885078907, 0.008618480525910854, 0.008988302201032639, 0.009358122944831848, 0.009727944619953632, 0.010097766295075417, 0.010467587038874626, 0.01083740871399641, 0.01120722945779562, 0.011577051132917404]},