{"training_mae": 0.05706222637058521, "_timestamp": 1669829398.0939782, "_runtime": 166.24216628074646, "_step": 386, "training_mse": 0.0059920815873649134, "training_spearman": 0.8000904854058014, "training_kendall": 0.6223224563768518, "test_mae": 0.12337983518357228, "test_mse": 0.02442707398873373, "test_spearman": 0.042239758572196195, "test_kendall": 0.02805570612675664, "loss": 0.000831238750834018, "gradients/readout_output_layer.bias": {"_type": "histogram", "values": [0.0, 0.0, 0.0, 0.0, 0.0, 0.0, 0.0, 0.0, 0.0, 0.0, 0.0, 0.0, 0.0, 0.0, 0.0, 0.0, 0.0, 0.0, 0.0, 0.0, 0.0, 0.0, 0.0, 0.0, 0.0, 0.0, 0.0, 0.0, 0.0, 0.0, 0.0, 0.0, 1.0, 0.0, 0.0, 0.0, 0.0, 0.0, 0.0, 0.0, 0.0, 0.0, 0.0, 0.0, 0.0, 0.0, 0.0, 0.0, 0.0, 0.0, 0.0, 0.0, 0.0, 0.0, 0.0, 0.0, 0.0, 0.0, 0.0, 0.0, 0.0, 0.0, 0.0, 0.0], "bins": [-0.1729937493801117, -0.1729937493801117, -0.1729937493801117, -0.1729937493801117, -0.1729937493801117, -0.1729937493801117, -0.1729937493801117, -0.1729937493801117, -0.1729937493801117, -0.1729937493801117, -0.1729937493801117, -0.1729937493801117, -0.1729937493801117, -0.1729937493801117, -0.1729937493801117, -0.1729937493801117, -0.1729937493801117, -0.1729937493801117, -0.1729937493801117, -0.1729937493801117, -0.1729937493801117, -0.1729937493801117, -0.1729937493801117, -0.1729937493801117, -0.1729937493801117, -0.1729937493801117, -0.1729937493801117, -0.1729937493801117, -0.1729937493801117, -0.1729937493801117, -0.1729937493801117, -0.1729937493801117, -0.1729937493801117, -0.1729937493801117, -0.1729937493801117, -0.1729937493801117, -0.1729937493801117, -0.1729937493801117, -0.1729937493801117, -0.1729937493801117, -0.1729937493801117, -0.1729937493801117, -0.1729937493801117, -0.1729937493801117, -0.1729937493801117, -0.1729937493801117, -0.1729937493801117, -0.1729937493801117, -0.1729937493801117, -0.1729937493801117, -0.1729937493801117, -0.1729937493801117, -0.1729937493801117, -0.1729937493801117, -0.1729937493801117, -0.1729937493801117, -0.1729937493801117, -0.1729937493801117, -0.1729937493801117, -0.1729937493801117, -0.1729937493801117, -0.1729937493801117, -0.1729937493801117, -0.1729937493801117, -0.1729937493801117]}, "gradients/readout_output_layer.weight": {"_type": "histogram", "values": [1.0, 1.0, 1.0, 0.0, 0.0, 2.0, 0.0, 1.0, 1.0, 1.0, 3.0, 2.0, 3.0, 2.0, 3.0, 5.0, 4.0, 9.0, 3.0, 7.0, 4.0, 11.0, 9.0, 5.0, 9.0, 10.0, 12.0, 8.0, 12.0, 10.0, 10.0, 11.0, 11.0, 8.0, 10.0, 7.0, 11.0, 8.0, 6.0, 5.0, 5.0, 8.0, 4.0, 4.0, 4.0, 3.0, 7.0, 4.0, 10.0, 6.0, 4.0, 1.0, 3.0, 3.0, 2.0, 0.0, 2.0, 1.0, 0.0, 1.0, 0.0, 1.0, 0.0, 1.0], "bins": [-0.01381670031696558, -0.013386271893978119, -0.012955844402313232, -0.012525415979325771, -0.012094988487660885, -0.011664560064673424, -0.011234132573008537, -0.010803704150021076, -0.010373275727033615, -0.009942847304046154, -0.009512419812381268, -0.009081991389393806, -0.00865156389772892, -0.008221135474741459, -0.007790707517415285, -0.007360279560089111, -0.006929852068424225, -0.006499424111098051, -0.006068996153771877, -0.0056385681964457035, -0.00520814023911953, -0.004777711816132069, -0.004347283858805895, -0.003916855901479721, -0.00348642747849226, -0.003055999521166086, -0.0026255715638399124, -0.002195143373683095, -0.0017647154163569212, -0.0013342874590307474, -0.0009038593852892518, -0.0004734313697554171, -4.300381988286972e-05, 0.000387424195650965, 0.0008178522111847997, 0.0012482802849262953, 0.001678708242252469, 0.002109136199578643, 0.0025395643897354603, 0.002969992347061634, 0.0034004198387265205, 0.0038308477960526943, 0.004261275753378868, 0.004691703710705042, 0.005122131668031216, 0.005552560091018677, 0.0059829880483448505, 0.006413416005671024, 0.006843844428658485, 0.007274272385984659, 0.007704700343310833, 0.008135128766298294, 0.00856555625796318, 0.008995984680950642, 0.009426412172615528, 0.00985684059560299, 0.010287268087267876, 0.010717696510255337, 0.011148124001920223, 0.011578552424907684, 0.01200897991657257, 0.012439408339560032, 0.012869835831224918, 0.01330026425421238, 0.01373069267719984]}, "gradients/readout_input_layer.bias": {"_type": "histogram", "values": [1.0, 0.0, 1.0, 0.0, 1.0, 1.0, 0.0, 0.0, 0.0, 2.0, 0.0, 1.0, 1.0, 4.0, 1.0, 3.0, 4.0, 6.0, 6.0, 8.0, 4.0, 8.0, 10.0, 16.0, 9.0, 7.0, 9.0, 7.0, 14.0, 13.0, 7.0, 10.0, 14.0, 8.0, 6.0, 17.0, 14.0, 6.0, 8.0, 10.0, 13.0, 9.0, 7.0, 7.0, 2.0, 0.0, 5.0, 4.0, 3.0, 2.0, 3.0, 1.0, 3.0, 0.0, 0.0, 2.0, 0.0, 0.0, 0.0, 0.0, 0.0, 0.0, 1.0, 1.0], "bins": [-0.002693288028240204, -0.0026095909997820854, -0.002525893971323967, -0.0024421969428658485, -0.0023585001472383738, -0.0022748031187802553, -0.002191106090322137, -0.0021074090618640184, -0.0020237120334059, -0.0019400150049477816, -0.001856318092904985, -0.0017726210644468665, -0.001688924035988748, -0.0016052271239459515, -0.001521530095487833, -0.0014378330670297146, -0.001354136154986918, -0.0012704391265287995, -0.001186742214486003, -0.0011030451860278845, -0.001019348157569766, -0.0009356511873193085, -0.000851954217068851, -0.0007682571886107326, -0.0006845602765679359, -0.0006008633063174784, -0.00051716627785936, -0.00043346930760890245, -0.00034977230825461447, -0.0002660753089003265, -0.00018237832409795374, -9.868133201962337e-05, -1.4984281733632088e-05, 6.871271034469828e-05, 0.00015240970242302865, 0.0002361066872254014, 0.0003198036865796894, 0.00040350068593397737, 0.0004871976561844349, 0.0005708946846425533, 0.0006545917131006718, 0.0007382886833511293, 0.0008219857118092477, 0.0009056826820597053, 0.0009893797105178237, 0.0010730766225606203, 0.0011567736510187387, 0.0012404706794768572, 0.0013241675915196538, 0.0014078646199777722, 0.0014915615320205688, 0.0015752585604786873, 0.0016589555889368057, 0.0017426525009796023, 0.0018263495294377208, 0.0019100465578958392, 0.001993743469938636, 0.0020774404983967543, 0.0021611375268548727, 0.002244834555312991, 0.002328531350940466, 0.0024122283793985844, 0.002495925407856703, 0.0025796224363148212, 0.0026633194647729397]}, "gradients/readout_input_layer.weight": {"_type": "histogram", "values": [1.0, 0.0, 1.0, 0.0, 1.0, 1.0, 1.0, 2.0, 2.0, 4.0, 4.0, 9.0, 7.0, 16.0, 15.0, 26.0, 25.0, 49.0, 58.0, 82.0, 119.0, 158.0, 250.0, 360.0, 489.0, 776.0, 1180.0, 1687.0, 4502.0, 15919.0, 89202.0, 220508.0, 2142216.0, 124221.0, 24450.0, 6502.0, 1532.0, 1011.0, 695.0, 461.0, 298.0, 238.0, 142.0, 110.0, 76.0, 45.0, 48.0, 25.0, 21.0, 11.0, 14.0, 9.0, 7.0, 1.0, 2.0, 5.0, 3.0, 1.0, 0.0, 0.0, 0.0, 0.0, 1.0, 1.0], "bins": [-0.025020059198141098, -0.02424253150820732, -0.023465005680918694, -0.022687477990984917, -0.02190995216369629, -0.021132424473762512, -0.020354898646473885, -0.019577370956540108, -0.01879984512925148, -0.018022317439317703, -0.017244791612029076, -0.0164672639220953, -0.01568973809480667, -0.014912210404872894, -0.014134683646261692, -0.01335715688765049, -0.012579629197716713, -0.01180210243910551, -0.011024575680494308, -0.010247048921883106, -0.009469522163271904, -0.008691994473338127, -0.007914467714726925, -0.007136940956115723, -0.006359413266181946, -0.0055818865075707436, -0.004804359748959541, -0.004026832524687052, -0.0032493057660758495, -0.0024717790074646473, -0.0016942520160228014, -0.0009167251409962773, -0.0001392010599374771, 0.000638325815089047, 0.001415852690115571, 0.002193379681557417, 0.002970906440168619, 0.0037484331987798214, 0.004525960423052311, 0.005303487181663513, 0.006081013008952141, 0.006858539767563343, 0.007636066526174545, 0.008413593284785748, 0.00919112004339695, 0.009968647733330727, 0.010746174491941929, 0.011523701250553131, 0.012301228940486908, 0.01307875569909811, 0.013856282457709312, 0.014633809216320515, 0.015411335974931717, 0.016188863664865494, 0.01696638949215412, 0.017743917182087898, 0.018521443009376526, 0.019298970699310303, 0.02007649652659893, 0.020854024216532707, 0.021631550043821335, 0.02240907773375511, 0.02318660356104374, 0.023964131250977516, 0.024741658940911293]}, "gradients/input_node_level_nn.bias": {"_type": "histogram",